id,correctAnswer
102501,C
102502,C
102503,B
102504,C
102505,D
102506,C
102507,C
102508,C
102509,C
102510,A
102511,A
102512,C
102513,A
102514,C
102515,C
102516,A
102517,C
102518,C
102519,C
102520,C
102521,C
102522,B
102523,C
102524,C
102525,C
102526,C
102527,C
102528,D
102529,C
102530,B
102531,D
102532,C
102533,C
102534,C
102535,C
102536,C
102537,C
102538,A
102539,D
102540,C
102541,D
102542,C
102543,C
102544,D
102545,C
102546,B
102547,C
102548,C
102549,C
102550,C
102551,C
102552,C
102553,C
102554,C
102555,C
102556,C
102557,A
102558,D
102559,B
102560,A
102561,C
102562,C
102563,C
102564,C
102565,A
102566,B
102567,C
102568,C
102569,C
102570,D
102571,C
102572,C
102573,C
102574,C
102575,C
102576,C
102577,A
102578,A
102579,C
102580,C
102581,C
102582,B
102583,C
102584,D
102585,A
102586,C
102587,C
102588,C
102589,A
102590,D
102591,C
102592,C
102593,C
102594,C
102595,C
102596,B
102597,C
102598,A
102599,D
102600,D
102601,C
102602,C
102603,D
102604,C
102605,C
102606,D
102607,C
102608,C
102609,C
102610,A
102611,B
102612,C
102613,C
102614,C
102615,D
102616,C
102617,C
102618,C
102619,D
102620,C
102621,C
102622,C
102623,B
102624,C
102625,C
102626,C
102627,A
102628,A
102629,C
102630,A
102631,C
102632,A
102633,A
102634,C
102635,C
102636,C
102637,C
102638,D
102639,C
102640,C
102641,A
102642,B
102643,C
102644,A
102645,B
102646,A
102647,C
102648,B
102649,C
102650,D
102651,C
102652,B
102653,C
102654,C
102655,C
102656,C
102657,C
102658,C
102659,C
102660,C
102661,B
102662,A
102663,C
102664,C
102665,C
102666,C
102667,C
102668,B
102669,C
102670,C
102671,C
102672,C
102673,D
102674,C
102675,C
102676,C
102677,C
102678,C
102679,C
102680,A
102681,D
102682,C
102683,C
102684,D
102685,C
102686,C
102687,A
102688,C
102689,C
102690,C
102691,C
102692,B
102693,B
102694,C
102695,C
102696,C
102697,A
102698,C
102699,C
102700,C
102701,B
102702,C
102703,C
102704,C
102705,C
102706,A
102707,D
102708,C
102709,A
102710,B
102711,C
102712,C
102713,B
102714,D
102715,C
102716,C
102717,C
102718,B
102719,B
102720,C
102721,D
102722,C
102723,B
102724,D
102725,C
102726,C
102727,C
102728,C
102729,C
102730,C
102731,B
102732,D
102733,C
102734,B
102735,C
102736,D
102737,C
102738,C
102739,A
102740,C
102741,C
102742,C
102743,D
102744,B
102745,C
102746,C
102747,B
102748,C
102749,C
102750,C
102751,C
102752,D
102753,C
102754,C
102755,C
102756,B
102757,C
102758,A
102759,C
102760,B
102761,C
102762,D
102763,C
102764,C
102765,C
102766,C
102767,C
102768,C
102769,C
102770,C
102771,D
102772,C
102773,D
102774,C
102775,A
102776,A
102777,B
102778,C
102779,C
102780,C
102781,B
102782,A
102783,A
102784,A
102785,C
102786,A
102787,C
102788,C
102789,D
102790,C
102791,C
102792,C
102793,D
102794,C
102795,D
102796,C
102797,C
102798,A
102799,C
102800,B
102801,C
102802,A
102803,C
102804,C
102805,D
102806,A
102807,C
102808,C
102809,B
102810,C
102811,C
102812,C
102813,C
102814,D
102815,C
102816,C
102817,D
102818,D
102819,D
102820,C
102821,C
102822,C
102823,C
102824,B
102825,C
102826,C
102827,C
102828,C
102829,C
102830,C
102831,C
102832,C
102833,C
102834,C
102835,C
102836,D
102837,B
102838,A
102839,C
102840,C
102841,C
102842,A
102843,C
102844,C
102845,C
102846,C
102847,D
102848,C
102849,C
102850,C
102851,C
102852,C
102853,C
102854,C
102855,C
102856,B
102857,B
102858,C
102859,B
102860,C
102861,C
102862,D
102863,A
102864,D
102865,D
102866,C
102867,C
102868,C
102869,C
102870,C
102871,A
102872,C
102873,B
102874,C
102875,D
102876,A
102877,D
102878,C
102879,D
102880,C
102881,C
102882,B
102883,B
102884,C
102885,A
102886,C
102887,B
102888,C
102889,B
102890,C
102891,C
102892,B
102893,B
102894,C
102895,C
102896,C
102897,A
102898,D
102899,C
102900,C
102901,A
102902,C
102903,A
102904,C
102905,A
102906,D
102907,B
102908,B
102909,C
102910,C
102911,C
102912,A
102913,A
102914,C
102915,C
102916,D
102917,C
102918,C
102919,C
102920,B
102921,D
102922,C
102923,C
102924,B
102925,B
102926,C
102927,C
102928,D
102929,B
102930,C
102931,C
102932,C
102933,C
102934,B
102935,C
102936,C
102937,C
102938,C
102939,D
102940,D
102941,C
102942,A
102943,B
102944,C
102945,C
102946,C
102947,D
102948,D
102949,D
102950,C
102951,C
102952,D
102953,C
102954,C
102955,C
102956,C
102957,C
102958,D
102959,C
102960,C
102961,B
102962,C
102963,C
102964,C
102965,C
102966,C
102967,A
102968,C
102969,C
102970,C
102971,A
102972,D
102973,B
102974,C
102975,C
102976,C
102977,A
102978,C
102979,C
102980,C
102981,C
102982,C
102983,C
102984,B
102985,C
102986,C
102987,D
102988,B
102989,C
102990,D
102991,C
102992,C
102993,C
102994,C
102995,C
102996,C
102997,C
102998,B
102999,C
103000,C
103001,B
103002,D
103003,D
103004,C
103005,B
103006,C
103007,C
103008,D
103009,C
103010,B
103011,C
103012,B
103013,C
103014,A
103015,C
103016,C
103017,C
103018,C
103019,C
103020,B
103021,C
103022,A
103023,B
103024,C
103025,C
103026,A
103027,C
103028,C
103029,C
103030,C
103031,C
103032,C
103033,C
103034,C
103035,C
103036,C
103037,C
103038,C
103039,C
103040,C
103041,C
103042,C
103043,C
103044,C
103045,A
103046,A
103047,C
103048,A
103049,C
103050,C
103051,C
103052,B
103053,C
103054,A
103055,C
103056,A
103057,A
103058,C
103059,C
103060,D
103061,C
103062,C
103063,A
103064,C
103065,C
103066,C
103067,C
103068,A
103069,C
103070,C
103071,C
103072,A
103073,C
103074,C
103075,C
103076,B
103077,C
103078,C
103079,C
103080,C
103081,C
103082,C
103083,C
103084,C
103085,C
103086,D
103087,A
103088,A
103089,C
103090,C
103091,A
103092,C
103093,B
103094,C
103095,D
103096,A
103097,C
103098,C
103099,A
103100,C
103101,C
103102,C
103103,C
103104,C
103105,B
103106,C
103107,C
103108,C
103109,B
103110,C
103111,C
103112,C
103113,C
103114,B
103115,C
103116,C
103117,C
103118,C
103119,C
103120,C
103121,C
103122,D
103123,C
103124,A
103125,C
103126,C
103127,B
103128,C
103129,C
103130,C
103131,C
103132,C
103133,B
103134,A
103135,B
103136,D
103137,C
103138,C
103139,D
103140,C
103141,B
103142,B
103143,B
103144,B
103145,C
103146,A
103147,C
103148,A
103149,C
103150,D
103151,D
103152,C
103153,C
103154,A
103155,C
103156,C
103157,A
103158,C
103159,C
103160,C
103161,C
103162,C
103163,C
103164,C
103165,C
103166,C
103167,C
103168,C
103169,A
103170,A
103171,C
103172,C
103173,C
103174,C
103175,A
103176,A
103177,C
103178,C
103179,A
103180,C
103181,B
103182,C
103183,C
103184,C
103185,C
103186,B
103187,A
103188,C
103189,B
103190,C
103191,C
103192,B
103193,C
103194,C
103195,C
103196,C
103197,C
103198,D
103199,C
103200,A
103201,C
103202,A
103203,C
103204,A
103205,C
103206,A
103207,B
103208,C
103209,C
103210,D
103211,A
103212,B
103213,C
103214,A
103215,C
103216,A
103217,C
103218,C
103219,B
103220,B
103221,C
103222,C
103223,A
103224,C
103225,A
103226,A
103227,C
103228,C
103229,C
103230,D
103231,D
103232,B
103233,C
103234,B
103235,C
103236,D
103237,A
103238,C
103239,A
103240,C
103241,B
103242,C
103243,C
103244,A
103245,C
103246,C
103247,C
103248,A
103249,C
103250,A
103251,C
103252,C
103253,D
103254,A
103255,C
103256,D
103257,C
103258,C
103259,B
103260,A
103261,C
103262,C
103263,C
103264,C
103265,C
103266,C
103267,D
103268,C
103269,D
103270,C
103271,D
103272,D
103273,C
103274,C
103275,B
103276,B
103277,C
103278,A
103279,C
103280,D
103281,A
103282,C
103283,D
103284,C
103285,B
103286,C
103287,B
103288,C
103289,C
103290,C
103291,C
103292,C
103293,C
103294,C
103295,C
103296,C
103297,C
103298,C
103299,A
103300,C
103301,C
103302,C
103303,C
103304,C
103305,C
103306,C
103307,C
103308,C
103309,C
103310,C
103311,A
103312,C
103313,C
103314,A
103315,A
103316,C
103317,C
103318,B
103319,C
103320,C
103321,D
103322,B
103323,C
103324,C
103325,C
103326,C
103327,D
103328,A
103329,C
103330,C
103331,C
103332,C
103333,C
103334,B
103335,C
103336,C
103337,C
103338,C
103339,C
103340,C
103341,A
103342,D
103343,C
103344,C
103345,D
103346,C
103347,C
103348,D
103349,C
103350,C
103351,A
103352,C
103353,C
103354,A
103355,C
103356,C
103357,C
103358,C
103359,B
103360,C
103361,C
103362,C
103363,C
103364,C
103365,B
103366,C
103367,C
103368,C
103369,D
103370,C
103371,A
103372,C
103373,C
103374,D
103375,C
103376,C
103377,C
103378,C
103379,C
103380,C
103381,C
103382,C
103383,C
103384,C
103385,C
103386,C
103387,C
103388,B
103389,D
103390,C
103391,B
103392,C
103393,D
103394,D
103395,C
103396,C
103397,C
103398,C
103399,C
103400,B
103401,C
103402,C
103403,B
103404,D
103405,C
103406,C
103407,D
103408,C
103409,C
103410,A
103411,C
103412,C
103413,C
103414,C
103415,C
103416,A
103417,A
103418,D
103419,C
103420,C
103421,D
103422,A
103423,C
103424,C
103425,C
103426,C
103427,B
103428,C
103429,C
103430,C
103431,C
103432,C
103433,C
103434,C
103435,D
103436,C
103437,C
103438,C
103439,C
103440,A
103441,C
103442,C
103443,D
103444,C
103445,C
103446,C
103447,C
103448,C
103449,C
103450,A
103451,C
103452,C
103453,B
103454,B
103455,C
103456,C
103457,C
103458,A
103459,C
103460,C
103461,C
103462,D
103463,C
103464,C
103465,C
103466,C
103467,D
103468,A
103469,C
103470,D
103471,C
103472,C
103473,C
103474,C
103475,D
103476,C
103477,C
103478,B
103479,A
103480,A
103481,C
103482,A
103483,C
103484,A
103485,B
103486,A
103487,D
103488,C
103489,C
103490,C
103491,B
103492,D
103493,D
103494,C
103495,C
103496,C
103497,A
103498,C
103499,C
103500,C
103501,C
103502,C
103503,C
103504,C
103505,D
103506,A
103507,C
103508,C
103509,C
103510,C
103511,C
103512,C
103513,D
103514,C
103515,C
103516,C
103517,C
103518,A
103519,C
103520,C
103521,C
103522,C
103523,C
103524,C
103525,C
103526,A
103527,C
103528,C
103529,B
103530,D
103531,C
103532,C
103533,B
103534,C
103535,C
103536,C
103537,A
103538,B
103539,A
103540,A
103541,C
103542,A
103543,B
103544,C
103545,B
103546,C
103547,D
103548,A
103549,C
103550,C
103551,C
103552,C
103553,D
103554,C
103555,C
103556,C
103557,C
103558,C
103559,B
103560,B
103561,C
103562,B
103563,C
103564,C
103565,C
103566,C
103567,A
103568,D
103569,D
103570,C
103571,C
103572,C
103573,C
103574,C
103575,C
103576,D
103577,C
103578,C
103579,C
103580,C
103581,C
103582,C
103583,B
103584,D
103585,C
103586,C
103587,D
103588,B
103589,A
103590,C
103591,C
103592,C
103593,C
103594,D
103595,C
103596,A
103597,C
103598,A
103599,C
103600,D
103601,D
103602,A
103603,C
103604,C
103605,C
103606,B
103607,C
103608,C
103609,C
103610,C
103611,C
103612,A
103613,C
103614,C
103615,C
103616,B
103617,C
103618,C
103619,B
103620,C
103621,A
103622,C
103623,C
103624,C
103625,C
103626,C
103627,C
103628,C
103629,C
103630,A
103631,C
103632,C
103633,A
103634,C
103635,A
103636,C
103637,A
103638,B
103639,C
103640,A
103641,C
103642,C
103643,B
103644,C
103645,C
103646,A
103647,C
103648,D
103649,C
103650,C
103651,C
103652,A
103653,A
103654,B
103655,C
103656,D
103657,C
103658,C
103659,C
103660,C
103661,C
103662,A
103663,C
103664,A
103665,C
103666,C
103667,C
103668,C
103669,C
103670,B
103671,C
103672,C
103673,C
103674,C
103675,C
103676,C
103677,C
103678,C
103679,C
103680,C
103681,D
103682,C
103683,C
103684,D
103685,C
103686,C
103687,C
103688,C
103689,C
103690,C
103691,C
103692,C
103693,C
103694,B
103695,C
103696,C
103697,C
103698,A
103699,C
103700,C
103701,C
103702,C
103703,C
103704,B
103705,A
103706,C
103707,C
103708,D
103709,A
103710,D
103711,C
103712,C
103713,B
103714,C
103715,C
103716,C
103717,C
103718,D
103719,D
103720,C
103721,C
103722,C
103723,C
103724,B
103725,C
103726,C
103727,C
103728,A
103729,A
103730,B
103731,C
103732,D
103733,C
103734,C
103735,C
103736,D
103737,A
103738,C
103739,C
103740,C
103741,C
103742,C
103743,C
103744,C
103745,D
103746,A
103747,B
103748,C
103749,C
103750,C
103751,C
103752,D
103753,C
103754,A
103755,C
103756,C
103757,B
103758,C
103759,B
103760,D
103761,C
103762,C
103763,B
103764,D
103765,C
103766,C
103767,C
103768,C
103769,C
103770,C
103771,C
103772,C
103773,C
103774,C
103775,C
103776,D
103777,C
103778,C
103779,A
103780,C
103781,C
103782,C
103783,C
103784,C
103785,C
103786,D
103787,C
103788,C
103789,D
103790,A
103791,B
103792,C
103793,C
103794,A
103795,C
103796,C
103797,C
103798,C
103799,C
103800,C
103801,C
103802,C
103803,C
103804,C
103805,C
103806,C
103807,C
103808,C
103809,C
103810,D
103811,C
103812,D
103813,C
103814,C
103815,A
103816,B
103817,B
103818,C
103819,C
103820,D
103821,C
103822,C
103823,D
103824,C
103825,C
103826,C
103827,B
103828,C
103829,C
103830,D
103831,C
103832,D
103833,C
103834,C
103835,C
103836,C
103837,C
103838,C
103839,C
103840,B
103841,C
103842,C
103843,B
103844,C
103845,C
103846,B
103847,C
103848,D
103849,D
103850,D
103851,C
103852,C
103853,C
103854,A
103855,C
103856,C
103857,D
103858,C
103859,C
103860,C
103861,C
103862,C
103863,C
103864,C
103865,A
103866,C
103867,C
103868,C
103869,D
103870,C
103871,B
103872,C
103873,C
103874,B
103875,A
103876,D
103877,C
103878,C
103879,C
103880,A
103881,D
103882,C
103883,C
103884,C
103885,C
103886,C
103887,C
103888,D
103889,A
103890,C
103891,C
103892,C
103893,C
103894,C
103895,D
103896,C
103897,D
103898,D
103899,C
103900,C
103901,C
103902,C
103903,C
103904,C
103905,A
103906,C
103907,B
103908,C
103909,B
103910,C
103911,C
103912,B
103913,A
103914,D
103915,C
103916,D
103917,C
103918,C
103919,C
103920,C
103921,A
103922,A
103923,C
103924,C
103925,A
103926,A
103927,C
103928,C
103929,A
103930,C
103931,B
103932,D
103933,C
103934,A
103935,C
103936,D
103937,D
103938,C
103939,C
103940,A
103941,C
103942,C
103943,D
103944,D
103945,C
103946,C
103947,A
103948,C
103949,C
103950,C
103951,C
103952,C
103953,C
103954,C
103955,C
103956,C
103957,D
103958,C
103959,C
103960,C
103961,C
103962,C
103963,C
103964,C
103965,C
103966,B
103967,C
103968,D
103969,C
103970,C
103971,C
103972,B
103973,C
103974,C
103975,C
103976,D
103977,C
103978,A
103979,C
103980,C
103981,C
103982,C
103983,C
103984,C
103985,B
103986,D
103987,C
103988,C
103989,C
103990,C
103991,A
103992,C
103993,C
103994,A
103995,D
103996,A
103997,C
103998,C
103999,C
104000,C
104001,D
104002,C
104003,D
104004,C
104005,C
104006,B
104007,A
104008,C
104009,C
104010,C
104011,A
104012,B
104013,C
104014,C
104015,C
104016,C
104017,C
104018,A
104019,B
104020,C
104021,C
104022,C
104023,B
104024,C
104025,C
104026,C
104027,C
104028,C
104029,D
104030,C
104031,C
104032,B
104033,D
104034,A
104035,C
104036,C
104037,C
104038,C
104039,C
104040,C
104041,C
104042,C
104043,B
104044,C
104045,C
104046,C
104047,C
104048,C
104049,C
104050,D
104051,C
104052,B
104053,A
104054,D
104055,C
104056,C
104057,C
104058,C
104059,D
104060,C
104061,C
104062,D
104063,C
104064,C
104065,C
104066,C
104067,C
104068,C
104069,C
104070,C
104071,D
104072,A
104073,B
104074,B
104075,C
104076,C
104077,B
104078,A
104079,C
104080,C
104081,C
104082,C
104083,C
104084,C
104085,C
104086,C
104087,A
104088,C
104089,C
104090,C
104091,C
104092,B
104093,B
104094,C
104095,C
104096,C
104097,C
104098,C
104099,B
104100,C
104101,C
104102,C
104103,C
104104,D
104105,C
104106,C
104107,C
104108,C
104109,C
104110,C
104111,B
104112,C
104113,A
104114,B
104115,C
104116,C
104117,C
104118,C
104119,C
104120,D
104121,C
104122,C
104123,A
104124,B
104125,D
104126,C
104127,C
104128,B
104129,B
104130,C
104131,A
104132,C
104133,D
104134,C
104135,C
104136,C
104137,C
104138,C
104139,C
104140,C
104141,C
104142,C
104143,A
104144,C
104145,A
104146,A
104147,C
104148,C
104149,C
104150,C
104151,D
104152,A
104153,A
104154,C
104155,D
104156,C
104157,C
104158,B
104159,C
104160,C
104161,B
104162,C
104163,C
104164,C
104165,C
104166,A
104167,A
104168,A
104169,C
104170,C
104171,C
104172,A
104173,C
104174,C
104175,C
104176,C
104177,C
104178,D
104179,C
104180,C
104181,D
104182,D
104183,C
104184,C
104185,B
104186,C
104187,C
104188,C
104189,C
104190,A
104191,B
104192,C
104193,C
104194,C
104195,C
104196,A
104197,C
104198,C
104199,C
104200,C
104201,D
104202,C
104203,B
104204,C
104205,C
104206,B
104207,D
104208,A
104209,C
104210,C
104211,C
104212,C
104213,C
104214,A
104215,C
104216,C
104217,B
104218,C
104219,B
104220,C
104221,C
104222,C
104223,B
104224,C
104225,B
104226,C
104227,D
104228,D
104229,C
104230,C
104231,C
104232,C
104233,C
104234,C
104235,C
104236,C
104237,D
104238,D
104239,A
104240,D
104241,C
104242,C
104243,C
104244,C
104245,C
104246,C
104247,C
104248,A
104249,C
104250,C
104251,C
104252,C
104253,C
104254,C
104255,C
104256,C
104257,C
104258,C
104259,D
104260,C
104261,B
104262,B
104263,C
104264,C
104265,C
104266,C
104267,C
104268,C
104269,C
104270,D
104271,C
104272,C
104273,C
104274,B
104275,A
104276,C
104277,C
104278,C
104279,C
104280,D
104281,C
104282,C
104283,C
104284,C
104285,C
104286,C
104287,C
104288,C
104289,A
104290,B
104291,C
104292,C
104293,B
104294,C
104295,C
104296,C
104297,C
104298,C
104299,C
104300,C
104301,C
104302,C
104303,C
104304,B
104305,C
104306,B
104307,A
104308,C
104309,C
104310,C
104311,B
104312,A
104313,C
104314,B
104315,C
104316,C
104317,C
104318,B
104319,C
104320,C
104321,C
104322,C
104323,C
104324,D
104325,C
104326,B
104327,C
104328,C
104329,C
104330,C
104331,A
104332,C
104333,D
104334,A
104335,D
104336,C
104337,C
104338,C
104339,C
104340,C
104341,D
104342,C
104343,C
104344,A
104345,C
104346,D
104347,C
104348,B
104349,C
104350,B
104351,A
104352,C
104353,C
104354,A
104355,C
104356,D
104357,C
104358,C
104359,A
104360,C
104361,C
104362,C
104363,A
104364,C
104365,B
104366,D
104367,C
104368,D
104369,A
104370,C
104371,C
104372,D
104373,C
104374,C
104375,C
104376,C
104377,C
104378,C
104379,C
104380,C
104381,D
104382,C
104383,C
104384,C
104385,C
104386,C
104387,C
104388,D
104389,A
104390,B
104391,C
104392,D
104393,C
104394,C
104395,C
104396,C
104397,C
104398,B
104399,C
104400,C
104401,D
104402,C
104403,B
104404,C
104405,D
104406,C
104407,C
104408,B
104409,D
104410,C
104411,C
104412,B
104413,C
104414,C
104415,C
104416,C
104417,A
104418,C
104419,C
104420,C
104421,C
104422,C
104423,C
104424,B
104425,C
104426,C
104427,C
104428,C
104429,C
104430,C
104431,C
104432,C
104433,C
104434,A
104435,C
104436,C
104437,D
104438,A
104439,C
104440,C
104441,B
104442,B
104443,C
104444,C
104445,A
104446,B
104447,C
104448,D
104449,A
104450,C
104451,C
104452,C
104453,C
104454,C
104455,C
104456,D
104457,B
104458,C
104459,C
104460,C
104461,C
104462,B
104463,C
104464,C
104465,C
104466,D
104467,A
104468,C
104469,C
104470,C
104471,B
104472,C
104473,C
104474,C
104475,C
104476,C
104477,C
104478,C
104479,C
104480,C
104481,C
104482,C
104483,C
104484,B
104485,C
104486,A
104487,C
104488,C
104489,A
104490,D
104491,C
104492,D
104493,A
104494,C
104495,A
104496,A
104497,C
104498,C
104499,D
104500,C
104501,C
104502,C
104503,C
104504,A
104505,C
104506,D
104507,C
104508,D
104509,D
104510,C
104511,C
104512,C
104513,C
104514,D
104515,C
104516,C
104517,C
104518,C
104519,D
104520,C
104521,C
104522,C
104523,C
104524,C
104525,C
104526,D
104527,B
104528,B
104529,C
104530,A
104531,D
104532,B
104533,C
104534,C
104535,C
104536,B
104537,C
104538,C
104539,C
104540,C
104541,C
104542,D
104543,C
104544,D
104545,C
104546,C
104547,D
104548,C
104549,C
104550,B
104551,C
104552,C
104553,C
104554,C
104555,C
104556,C
104557,C
104558,D
104559,C
104560,B
104561,C
104562,C
104563,C
104564,C
104565,C
104566,A
104567,D
104568,D
104569,C
104570,C
104571,C
104572,D
104573,C
104574,D
104575,C
104576,C
104577,C
104578,C
104579,C
104580,A
104581,B
104582,C
104583,B
104584,B
104585,C
104586,B
104587,B
104588,C
104589,C
104590,D
104591,C
104592,C
104593,D
104594,C
104595,D
104596,C
104597,B
104598,D
104599,C
104600,C
104601,D
104602,B
104603,C
104604,B
104605,C
104606,C
104607,C
104608,C
104609,D
104610,C
104611,C
104612,C
104613,B
104614,B
104615,A
104616,C
104617,C
104618,C
104619,C
104620,B
104621,C
104622,C
104623,C
104624,A
104625,C
104626,C
104627,C
104628,B
104629,C
104630,B
104631,A
104632,B
104633,D
104634,A
104635,C
104636,A
104637,B
104638,C
104639,C
104640,D
104641,B
104642,C
104643,C
104644,B
104645,C
104646,B
104647,C
104648,C
104649,C
104650,C
104651,B
104652,C
104653,D
104654,D
104655,C
104656,C
104657,C
104658,B
104659,C
104660,C
104661,C
104662,C
104663,C
104664,C
104665,C
104666,C
104667,D
104668,C
104669,D
104670,C
104671,C
104672,C
104673,B
104674,C
104675,C
104676,C
104677,D
104678,C
104679,C
104680,C
104681,C
104682,C
104683,B
104684,D
104685,C
104686,C
104687,C
104688,C
104689,C
104690,C
104691,D
104692,B
104693,C
104694,A
104695,B
104696,D
104697,B
104698,C
104699,C
104700,B
104701,C
104702,C
104703,C
104704,C
104705,C
104706,C
104707,C
104708,C
104709,C
104710,C
104711,B
104712,D
104713,C
104714,C
104715,A
104716,C
104717,C
104718,C
104719,B
104720,C
104721,C
104722,C
104723,C
104724,C
104725,C
104726,C
104727,C
104728,D
104729,C
104730,C
104731,A
104732,C
104733,C
104734,C
104735,C
104736,C
104737,A
104738,C
104739,C
104740,C
104741,B
104742,C
104743,A
104744,C
104745,C
104746,D
104747,C
104748,C
104749,C
104750,C
104751,C
104752,A
104753,C
104754,D
104755,D
104756,C
104757,D
104758,C
104759,C
104760,C
104761,C
104762,A
104763,C
104764,C
104765,C
104766,C
104767,D
104768,C
104769,C
104770,B
104771,A
104772,C
104773,C
104774,A
104775,D
104776,A
104777,A
104778,C
104779,C
104780,C
104781,C
104782,C
104783,C
104784,C
104785,C
104786,C
104787,C
104788,C
104789,C
104790,C
104791,C
104792,C
104793,C
104794,C
104795,C
104796,C
104797,C
104798,C
104799,C
104800,C
104801,A
104802,A
104803,C
104804,C
104805,C
104806,C
104807,C
104808,B
104809,C
104810,C
104811,B
104812,C
104813,D
104814,D
104815,C
104816,C
104817,C
104818,C
104819,C
104820,C
104821,C
104822,C
104823,C
104824,C
104825,C
104826,C
104827,C
104828,C
104829,C
104830,C
104831,C
104832,D
104833,C
104834,D
104835,C
104836,D
104837,C
104838,C
104839,C
104840,B
104841,C
104842,C
104843,A
104844,A
104845,A
104846,D
104847,B
104848,C
104849,A
104850,C
104851,D
104852,A
104853,C
104854,A
104855,A
104856,C
104857,C
104858,C
104859,C
104860,A
104861,C
104862,C
104863,C
104864,C
104865,D
104866,C
104867,D
104868,C
104869,A
104870,C
104871,C
104872,D
104873,C
104874,C
104875,C
104876,C
104877,D
104878,B
104879,C
104880,C
104881,C
104882,C
104883,A
104884,C
104885,C
104886,A
104887,C
104888,D
104889,C
104890,C
104891,D
104892,C
104893,C
104894,C
104895,A
104896,C
104897,C
104898,C
104899,A
104900,C
104901,C
104902,C
104903,A
104904,B
104905,B
104906,C
104907,B
104908,C
104909,C
104910,A
104911,B
104912,C
104913,C
104914,C
104915,C
104916,D
104917,C
104918,C
104919,A
104920,A
104921,C
104922,A
104923,D
104924,C
104925,C
104926,C
104927,C
104928,C
104929,C
104930,C
104931,C
104932,B
104933,C
104934,C
104935,C
104936,C
104937,C
104938,C
104939,A
104940,C
104941,C
104942,C
104943,A
104944,C
104945,C
104946,C
104947,D
104948,C
104949,D
104950,C
104951,B
104952,A
104953,C
104954,C
104955,C
104956,C
104957,C
104958,C
104959,A
104960,C
104961,B
104962,B
104963,C
104964,A
104965,C
104966,C
104967,C
104968,C
104969,D
104970,C
104971,C
104972,C
104973,C
104974,C
104975,C
104976,C
104977,D
104978,B
104979,C
104980,B
104981,D
104982,D
104983,C
104984,C
104985,C
104986,D
104987,C
104988,C
104989,C
104990,C
104991,D
104992,C
104993,C
104994,B
104995,C
104996,A
104997,A
104998,C
104999,C
105000,C
105001,D
105002,C
105003,D
105004,C
105005,B
105006,C
105007,C
105008,A
105009,B
105010,D
105011,D
105012,C
105013,C
105014,C
105015,A
105016,C
105017,B
105018,D
105019,C
105020,C
105021,D
105022,C
105023,B
105024,C
105025,C
105026,C
105027,C
105028,C
105029,C
105030,C
105031,C
105032,C
105033,D
105034,C
105035,C
105036,C
105037,C
105038,D
105039,D
105040,C
105041,C
105042,B
105043,C
105044,C
105045,C
105046,C
105047,C
105048,B
105049,B
105050,C
105051,C
105052,D
105053,C
105054,A
105055,C
105056,B
105057,B
105058,D
105059,A
105060,C
105061,B
105062,B
105063,C
105064,D
105065,C
105066,C
105067,C
105068,C
105069,C
105070,A
105071,C
105072,C
105073,C
105074,C
105075,C
105076,D
105077,C
105078,C
105079,C
105080,C
105081,C
105082,C
105083,C
105084,D
105085,D
105086,C
105087,C
105088,C
105089,C
105090,C
105091,C
105092,C
105093,C
105094,D
105095,B
105096,A
105097,A
105098,C
105099,B
105100,B
105101,C
105102,C
105103,C
105104,C
105105,C
105106,C
105107,D
105108,C
105109,A
105110,C
105111,A
105112,C
105113,A
105114,C
105115,C
105116,B
105117,C
105118,B
105119,C
105120,C
105121,C
105122,C
105123,D
105124,C
105125,C
105126,C
105127,C
105128,C
105129,C
105130,C
105131,C
105132,C
105133,C
105134,A
105135,C
105136,C
105137,D
105138,C
105139,C
105140,C
105141,C
105142,B
105143,C
105144,C
105145,A
105146,B
105147,D
105148,C
105149,C
105150,D
105151,B
105152,C
105153,D
105154,C
105155,C
105156,A
105157,C
105158,C
105159,C
105160,B
105161,C
105162,A
105163,B
105164,C
105165,C
105166,C
105167,C
105168,C
105169,B
105170,C
105171,C
105172,A
105173,C
105174,D
105175,A
105176,B
105177,A
105178,C
105179,C
105180,C
105181,C
105182,C
105183,C
105184,B
105185,C
105186,C
105187,A
105188,A
105189,C
105190,A
105191,C
105192,A
105193,D
105194,C
105195,B
105196,C
105197,C
105198,C
105199,C
105200,B
105201,C
105202,C
105203,B
105204,C
105205,A
105206,C
105207,D
105208,C
105209,C
105210,C
105211,C
105212,C
105213,C
105214,C
105215,B
105216,C
105217,A
105218,C
105219,D
105220,C
105221,C
105222,C
105223,B
105224,C
105225,A
105226,C
105227,C
105228,C
105229,B
105230,C
105231,A
105232,C
105233,C
105234,B
105235,D
105236,C
105237,C
105238,C
105239,C
105240,A
105241,A
105242,C
105243,C
105244,A
105245,C
105246,B
105247,C
105248,D
105249,D
105250,C
105251,C
105252,C
105253,C
105254,C
105255,A
105256,C
105257,B
105258,C
105259,C
105260,B
105261,B
105262,C
105263,B
105264,C
105265,A
105266,C
105267,C
105268,C
105269,D
105270,B
105271,C
105272,B
105273,C
105274,C
105275,C
105276,C
105277,C
105278,B
105279,C
105280,B
105281,C
105282,B
105283,B
105284,D
105285,C
105286,C
105287,C
105288,A
105289,D
105290,C
105291,C
105292,C
105293,C
105294,C
105295,C
105296,C
105297,C
105298,A
105299,C
105300,C
105301,C
105302,C
105303,B
105304,C
105305,C
105306,D
105307,C
105308,C
105309,C
105310,D
105311,C
105312,C
105313,C
105314,C
105315,B
105316,A
105317,D
105318,C
105319,C
105320,B
105321,C
105322,C
105323,C
105324,C
105325,C
105326,D
105327,C
105328,C
105329,C
105330,C
105331,C
105332,C
105333,C
105334,C
105335,C
105336,B
105337,B
105338,B
105339,D
105340,C
105341,D
105342,C
105343,C
105344,C
105345,D
105346,C
105347,C
105348,C
105349,C
105350,C
105351,B
105352,C
105353,C
105354,C
105355,C
105356,C
105357,D
105358,C
105359,C
105360,D
105361,A
105362,C
105363,C
105364,C
105365,D
105366,D
105367,C
105368,C
105369,C
105370,B
105371,C
105372,C
105373,A
105374,C
105375,C
105376,B
105377,C
105378,C
105379,C
105380,C
105381,D
105382,C
105383,C
105384,C
105385,A
105386,B
105387,C
105388,B
105389,C
105390,C
105391,C
105392,C
105393,C
105394,D
105395,C
105396,B
105397,C
105398,C
105399,C
105400,B
105401,C
105402,C
105403,C
105404,A
105405,B
105406,D
105407,C
105408,A
105409,D
105410,C
105411,C
105412,C
105413,C
105414,C
105415,C
105416,C
105417,C
105418,A
105419,C
105420,B
105421,A
105422,D
105423,C
105424,D
105425,C
105426,C
105427,C
105428,C
105429,D
105430,C
105431,C
105432,C
105433,C
105434,C
105435,A
105436,D
105437,D
105438,C
105439,C
105440,C
105441,D
105442,C
105443,C
105444,B
105445,B
105446,A
105447,C
105448,B
105449,A
105450,A
105451,C
105452,C
105453,C
105454,D
105455,C
105456,C
105457,C
105458,D
105459,A
105460,C
105461,A
105462,C
105463,A
105464,B
105465,C
105466,C
105467,A
105468,A
105469,C
105470,D
105471,D
105472,C
105473,C
105474,C
105475,D
105476,C
105477,C
105478,C
105479,C
105480,C
105481,C
105482,C
105483,C
105484,C
105485,B
105486,A
105487,C
105488,B
105489,C
105490,A
105491,C
105492,C
105493,C
105494,D
105495,C
105496,C
105497,C
105498,C
105499,B
105500,C
105501,C
105502,A
105503,C
105504,C
105505,C
105506,C
105507,B
105508,C
105509,B
105510,C
105511,B
105512,C
105513,C
105514,C
105515,C
105516,C
105517,C
105518,C
105519,C
105520,C
105521,C
105522,C
105523,C
105524,C
105525,C
105526,C
105527,D
105528,A
105529,C
105530,C
105531,C
105532,A
105533,D
105534,C
105535,C
105536,D
105537,B
105538,C
105539,B
105540,C
105541,C
105542,C
105543,C
105544,C
105545,A
105546,C
105547,C
105548,D
105549,C
105550,A
105551,C
105552,C
105553,B
105554,C
105555,C
105556,C
105557,A
105558,C
105559,C
105560,C
105561,C
105562,C
105563,C
105564,C
105565,C
105566,C
105567,C
105568,C
105569,C
105570,D
105571,C
105572,D
105573,C
105574,C
105575,C
105576,A
105577,C
105578,C
105579,C
105580,D
105581,C
105582,C
105583,A
105584,C
105585,C
105586,C
105587,D
105588,C
105589,C
105590,A
105591,C
105592,C
105593,C
105594,A
105595,C
105596,C
105597,C
105598,C
105599,D
105600,C
105601,C
105602,C
105603,C
105604,C
105605,C
105606,C
105607,C
105608,C
105609,C
105610,D
105611,C
105612,C
105613,C
105614,C
105615,C
105616,A
105617,C
105618,C
105619,C
105620,C
105621,D
105622,C
105623,C
105624,C
105625,C
105626,B
105627,D
105628,D
105629,C
105630,B
105631,C
105632,C
105633,B
105634,C
105635,C
105636,C
105637,C
105638,C
105639,C
105640,C
105641,C
105642,C
105643,C
105644,C
105645,A
105646,C
105647,B
105648,B
105649,C
105650,C
105651,C
105652,A
105653,C
105654,C
105655,C
105656,D
105657,C
105658,C
105659,C
105660,C
105661,A
105662,C
105663,C
105664,C
105665,B
105666,C
105667,C
105668,C
105669,C
105670,C
105671,B
105672,D
105673,A
105674,B
105675,C
105676,C
105677,D
105678,C
105679,C
105680,C
105681,C
105682,A
105683,A
105684,A
105685,C
105686,D
105687,B
105688,D
105689,C
105690,C
105691,A
105692,D
105693,A
105694,D
105695,C
105696,C
105697,C
105698,D
105699,B
105700,A
105701,C
105702,C
105703,C
105704,D
105705,D
105706,C
105707,C
105708,C
105709,C
105710,C
105711,A
105712,C
105713,C
105714,D
105715,C
105716,C
105717,C
105718,C
105719,C
105720,D
105721,C
105722,C
105723,C
105724,C
105725,B
105726,C
105727,C
105728,C
105729,C
105730,C
105731,C
105732,C
105733,C
105734,C
105735,C
105736,D
105737,D
105738,C
105739,C
105740,C
105741,B
105742,D
105743,A
105744,C
105745,C
105746,C
105747,C
105748,C
105749,D
105750,C
105751,C
105752,C
105753,C
105754,C
105755,C
105756,D
105757,C
105758,A
105759,C
105760,C
105761,C
105762,C
105763,C
105764,A
105765,C
105766,C
105767,B
105768,D
105769,C
105770,C
105771,D
105772,C
105773,C
105774,A
105775,C
105776,A
105777,C
105778,C
105779,A
105780,C
105781,C
105782,C
105783,C
105784,C
105785,C
105786,A
105787,D
105788,C
105789,A
105790,A
105791,B
105792,D
105793,C
105794,A
105795,C
105796,B
105797,D
105798,B
105799,C
105800,B
105801,C
105802,C
105803,C
105804,C
105805,C
105806,C
105807,B
105808,C
105809,B
105810,C
105811,C
105812,C
105813,A
105814,C
105815,C
105816,D
105817,C
105818,C
105819,C
105820,C
105821,C
105822,C
105823,C
105824,C
105825,C
105826,C
105827,C
105828,D
105829,C
105830,C
105831,C
105832,D
105833,C
105834,C
105835,C
105836,C
105837,C
105838,C
105839,A
105840,D
105841,C
105842,C
105843,A
105844,C
105845,C
105846,C
105847,C
105848,C
105849,B
105850,C
105851,C
105852,C
105853,A
105854,C
105855,D
105856,C
105857,C
105858,C
105859,C
105860,A
105861,C
105862,C
105863,D
105864,D
105865,C
105866,C
105867,B
105868,A
105869,C
105870,C
105871,C
105872,C
105873,B
105874,D
105875,B
105876,C
105877,B
105878,C
105879,C
105880,C
105881,C
105882,B
105883,B
105884,C
105885,D
105886,C
105887,C
105888,C
105889,C
105890,C
105891,C
105892,C
105893,C
105894,C
105895,C
105896,C
105897,C
105898,A
105899,C
105900,D
105901,C
105902,B
105903,C
105904,C
105905,D
105906,C
105907,A
105908,A
105909,B
105910,C
105911,D
105912,C
105913,A
105914,A
105915,C
105916,B
105917,B
105918,C
105919,C
105920,C
105921,C
105922,A
105923,C
105924,B
105925,C
105926,C
105927,C
105928,C
105929,C
105930,A
105931,C
105932,C
105933,C
105934,C
105935,D
105936,C
105937,C
105938,C
105939,D
105940,C
105941,C
105942,C
105943,D
105944,C
105945,D
105946,B
105947,C
105948,C
105949,C
105950,D
105951,B
105952,C
105953,D
105954,B
105955,C
105956,C
105957,B
105958,C
105959,C
105960,C
105961,C
105962,B
105963,C
105964,B
105965,C
105966,B
105967,C
105968,C
105969,C
105970,C
105971,C
105972,C
105973,C
105974,C
105975,C
105976,C
105977,B
105978,C
105979,B
105980,D
105981,A
105982,B
105983,B
105984,A
105985,C
105986,D
105987,C
105988,B
105989,D
105990,A
105991,D
105992,C
105993,C
105994,D
105995,B
105996,C
105997,C
105998,C
105999,C
106000,C
106001,C
106002,C
106003,C
106004,D
106005,C
106006,C
106007,C
106008,C
106009,C
106010,C
106011,C
106012,C
106013,C
106014,D
106015,C
106016,A
106017,C
106018,B
106019,C
106020,B
106021,D
106022,C
106023,A
106024,C
106025,C
106026,C
106027,C
106028,C
106029,C
106030,D
106031,C
106032,C
106033,C
106034,C
106035,C
106036,D
106037,C
106038,C
106039,C
106040,C
106041,B
106042,D
106043,C
106044,C
106045,C
106046,C
106047,C
106048,A
106049,C
106050,C
106051,C
106052,A
106053,C
106054,B
106055,C
106056,C
106057,A
106058,A
106059,C
106060,C
106061,C
106062,C
106063,C
106064,A
106065,C
106066,C
106067,C
106068,C
106069,C
106070,C
106071,B
106072,C
106073,A
106074,D
106075,C
106076,C
106077,D
106078,D
106079,C
106080,C
106081,C
106082,C
106083,C
106084,A
106085,C
106086,D
106087,C
106088,A
106089,A
106090,B
106091,A
106092,A
106093,C
106094,C
106095,C
106096,C
106097,A
106098,B
106099,C
106100,B
106101,C
106102,A
106103,C
106104,C
106105,C
106106,C
106107,A
106108,B
106109,C
106110,C
106111,D
106112,A
106113,C
106114,C
106115,C
106116,A
106117,B
106118,C
106119,C
106120,B
106121,A
106122,C
106123,C
106124,C
106125,C
106126,C
106127,B
106128,C
106129,D
106130,C
106131,C
106132,C
106133,C
106134,C
106135,C
106136,D
106137,C
106138,D
106139,C
106140,C
106141,C
106142,B
106143,C
106144,C
106145,C
106146,B
106147,A
106148,C
106149,C
106150,C
106151,B
106152,C
106153,A
106154,C
106155,D
106156,C
106157,C
106158,D
106159,C
106160,B
106161,C
106162,B
106163,C
106164,C
106165,C
106166,C
106167,C
106168,C
106169,C
106170,A
106171,C
106172,C
106173,D
106174,C
106175,C
106176,D
106177,C
106178,C
106179,C
106180,C
106181,A
106182,C
106183,D
106184,C
106185,C
106186,D
106187,A
106188,C
106189,B
106190,C
106191,C
106192,C
106193,C
106194,A
106195,C
106196,B
106197,B
106198,B
106199,C
106200,C
106201,B
106202,C
106203,C
106204,A
106205,C
106206,C
106207,B
106208,C
106209,C
106210,C
106211,C
106212,B
106213,B
106214,C
106215,D
106216,C
106217,C
106218,C
106219,B
106220,B
106221,A
106222,C
106223,C
106224,C
106225,C
106226,C
106227,B
106228,C
106229,B
106230,B
106231,C
106232,A
106233,C
106234,C
106235,C
106236,D
106237,C
106238,A
106239,B
106240,C
106241,C
106242,A
106243,C
106244,C
106245,C
106246,C
106247,C
106248,C
106249,B
106250,C
106251,A
106252,C
106253,D
106254,A
106255,C
106256,B
106257,A
106258,C
106259,C
106260,C
106261,C
106262,C
106263,C
106264,C
106265,D
106266,C
106267,C
106268,C
106269,C
106270,D
106271,C
106272,D
106273,C
106274,C
106275,C
106276,C
106277,B
106278,B
106279,C
106280,C
106281,C
106282,C
106283,C
106284,D
106285,C
106286,C
106287,C
106288,B
106289,D
106290,C
106291,B
106292,C
106293,A
106294,C
106295,C
106296,B
106297,C
106298,C
106299,C
106300,D
106301,D
106302,C
106303,C
106304,C
106305,C
106306,C
106307,C
106308,C
106309,D
106310,C
106311,C
106312,C
106313,B
106314,C
106315,A
106316,C
106317,D
106318,D
106319,B
106320,C
106321,C
106322,A
106323,D
106324,C
106325,C
106326,B
106327,D
106328,C
106329,D
106330,C
106331,C
106332,C
106333,C
106334,C
106335,C
106336,C
106337,C
106338,C
106339,D
106340,A
106341,B
106342,A
106343,C
106344,C
106345,C
106346,C
106347,A
106348,A
106349,C
106350,C
106351,B
106352,C
106353,B
106354,C
106355,C
106356,C
106357,B
106358,C
106359,C
106360,C
106361,C
106362,C
106363,D
106364,C
106365,D
106366,C
106367,A
106368,C
106369,C
106370,C
106371,C
106372,C
106373,C
106374,C
106375,C
106376,C
106377,C
106378,C
106379,C
106380,D
106381,C
106382,C
106383,B
106384,C
106385,A
106386,B
106387,C
106388,C
106389,C
106390,C
106391,C
106392,A
106393,D
106394,C
106395,C
106396,B
106397,C
106398,C
106399,C
106400,A
106401,C
106402,B
106403,C
106404,C
106405,D
106406,C
106407,C
106408,B
106409,C
106410,C
106411,C
106412,C
106413,C
106414,A
106415,C
106416,C
106417,C
106418,C
106419,C
106420,C
106421,C
106422,B
106423,C
106424,C
106425,C
106426,A
106427,D
106428,B
106429,A
106430,B
106431,C
106432,C
106433,D
106434,C
106435,C
106436,C
106437,C
106438,D
106439,C
106440,B
106441,C
106442,C
106443,C
106444,C
106445,C
106446,B
106447,C
106448,C
106449,C
106450,C
106451,C
106452,C
106453,A
106454,C
106455,C
106456,B
106457,C
106458,C
106459,B
106460,D
106461,C
106462,A
106463,C
106464,B
106465,A
106466,A
106467,C
106468,C
106469,C
106470,C
106471,C
106472,C
106473,C
106474,A
106475,A
106476,A
106477,A
106478,C
106479,D
106480,C
106481,D
106482,C
106483,C
106484,C
106485,C
106486,C
106487,C
106488,C
106489,A
106490,C
106491,A
106492,B
106493,C
106494,D
106495,D
106496,C
106497,C
106498,C
106499,C
106500,D
106501,B
106502,A
106503,B
106504,B
106505,D
106506,C
106507,C
106508,D
106509,C
106510,C
106511,C
106512,A
106513,A
106514,C
106515,C
106516,C
106517,D
106518,C
106519,C
106520,C
106521,C
106522,C
106523,C
106524,C
106525,B
106526,B
106527,C
106528,C
106529,C
106530,C
106531,C
106532,A
106533,C
106534,A
106535,A
106536,C
106537,C
106538,C
106539,C
106540,B
106541,C
106542,C
106543,C
106544,C
106545,C
106546,C
106547,A
106548,C
106549,A
106550,C
106551,C
106552,B
106553,B
106554,C
106555,C
106556,A
106557,C
106558,B
106559,C
106560,C
106561,C
106562,D
106563,C
106564,B
106565,C
106566,C
106567,C
106568,C
106569,C
106570,C
106571,C
106572,D
106573,C
106574,C
106575,C
106576,C
106577,C
106578,C
106579,A
106580,C
106581,C
106582,D
106583,C
106584,D
106585,C
106586,C
106587,D
106588,C
106589,C
106590,C
106591,C
106592,C
106593,A
106594,C
106595,C
106596,B
106597,A
106598,D
106599,C
106600,B
106601,C
106602,C
106603,C
106604,C
106605,C
106606,D
106607,C
106608,C
106609,C
106610,B
106611,C
106612,C
106613,C
106614,B
106615,C
106616,B
106617,C
106618,C
106619,A
106620,C
106621,C
106622,C
106623,C
106624,C
106625,C
106626,C
106627,C
106628,C
106629,D
106630,C
106631,C
106632,D
106633,D
106634,C
106635,C
106636,A
106637,C
106638,C
106639,B
106640,C
106641,A
106642,C
106643,C
106644,C
106645,C
106646,C
106647,C
106648,B
106649,C
106650,A
106651,A
106652,C
106653,D
106654,B
106655,C
106656,C
106657,C
106658,C
106659,C
106660,C
106661,C
106662,C
106663,C
106664,C
106665,C
106666,C
106667,A
106668,C
106669,A
106670,C
106671,C
106672,C
106673,B
106674,C
106675,C
106676,C
106677,C
106678,B
106679,C
106680,C
106681,C
106682,C
106683,D
106684,D
106685,C
106686,C
106687,B
106688,B
106689,C
106690,C
106691,C
106692,C
106693,B
106694,A
106695,C
106696,C
106697,C
106698,C
106699,C
106700,C
106701,C
106702,C
106703,C
106704,C
106705,C
106706,C
106707,C
106708,D
106709,C
106710,C
106711,C
106712,B
106713,D
106714,C
106715,A
106716,C
106717,B
106718,C
106719,A
106720,C
106721,A
106722,D
106723,B
106724,C
106725,C
106726,A
106727,C
106728,C
106729,C
106730,C
106731,C
106732,C
106733,D
106734,C
106735,C
106736,C
106737,C
106738,C
106739,C
106740,C
106741,C
106742,C
106743,B
106744,B
106745,D
106746,C
106747,C
106748,C
106749,C
106750,D
106751,C
106752,C
106753,C
106754,C
106755,B
106756,C
106757,C
106758,B
106759,C
106760,C
106761,A
106762,A
106763,C
106764,C
106765,C
106766,D
106767,C
106768,C
106769,C
106770,C
106771,C
106772,A
106773,D
106774,C
106775,C
106776,C
106777,A
106778,C
106779,C
106780,A
106781,C
106782,C
106783,C
106784,C
106785,C
106786,C
106787,C
106788,C
106789,D
106790,A
106791,C
106792,D
106793,B
106794,C
106795,C
106796,C
106797,A
106798,C
106799,C
106800,C
106801,D
106802,D
106803,C
106804,B
106805,A
106806,A
106807,C
106808,A
106809,B
106810,C
106811,C
106812,D
106813,C
106814,D
106815,A
106816,D
106817,A
106818,D
106819,D
106820,D
106821,B
106822,C
106823,D
106824,C
106825,D
106826,C
106827,B
106828,C
106829,C
106830,D
106831,C
106832,A
106833,C
106834,D
106835,C
106836,C
106837,A
106838,C
106839,C
106840,D
106841,C
106842,C
106843,C
106844,C
106845,C
106846,C
106847,A
106848,A
106849,C
106850,C
106851,A
106852,C
106853,A
106854,D
106855,C
106856,C
106857,C
106858,B
106859,C
106860,A
106861,C
106862,D
106863,C
106864,C
106865,D
106866,A
106867,D
106868,D
106869,C
106870,C
106871,C
106872,C
106873,D
106874,A
106875,A
106876,A
106877,C
106878,D
106879,C
106880,C
106881,D
106882,D
106883,B
106884,C
106885,C
106886,C
106887,C
106888,A
106889,C
106890,B
106891,C
106892,C
106893,D
106894,C
106895,C
106896,C
106897,C
106898,C
106899,D
106900,C
106901,B
106902,C
106903,C
106904,C
106905,C
106906,C
106907,C
106908,A
106909,D
106910,C
106911,A
106912,D
106913,A
106914,B
106915,C
106916,D
106917,B
106918,B
106919,C
106920,C
106921,B
106922,C
106923,C
106924,B
106925,C
106926,C
106927,C
106928,B
106929,C
106930,C
106931,D
106932,D
106933,A
106934,C
106935,D
106936,D
106937,C
106938,C
106939,D
106940,A
106941,C
106942,A
106943,C
106944,C
106945,C
106946,C
106947,A
106948,C
106949,C
106950,C
106951,C
106952,C
106953,D
106954,D
106955,B
106956,C
106957,B
106958,C
106959,C
106960,A
106961,D
106962,B
106963,C
106964,C
106965,C
106966,C
106967,A
106968,A
106969,C
106970,C
106971,C
106972,C
106973,C
106974,C
106975,C
106976,C
106977,C
106978,C
106979,C
106980,C
106981,B
106982,D
106983,C
106984,A
106985,C
106986,C
106987,C
106988,A
106989,B
106990,C
106991,C
106992,C
106993,C
106994,D
106995,A
106996,C
106997,C
106998,A
106999,C
107000,D
107001,A
107002,C
107003,C
107004,A
107005,A
107006,C
107007,C
107008,C
107009,B
107010,C
107011,C
107012,C
107013,C
107014,C
107015,C
107016,C
107017,B
107018,C
107019,C
107020,C
107021,C
107022,A
107023,C
107024,C
107025,C
107026,C
107027,C
107028,C
107029,C
107030,A
107031,D
107032,C
107033,C
107034,D
107035,C
107036,C
107037,C
107038,C
107039,C
107040,A
107041,C
107042,C
107043,C
107044,C
107045,B
107046,C
107047,B
107048,D
107049,A
107050,C
107051,C
107052,C
107053,B
107054,A
107055,B
107056,D
107057,B
107058,D
107059,C
107060,A
107061,A
107062,C
107063,B
107064,C
107065,B
107066,C
107067,C
107068,C
107069,C
107070,C
107071,D
107072,C
107073,C
107074,D
107075,C
107076,C
107077,D
107078,C
107079,B
107080,A
107081,B
107082,C
107083,B
107084,A
107085,C
107086,B
107087,B
107088,C
107089,D
107090,C
107091,A
107092,A
107093,C
107094,A
107095,C
107096,A
107097,C
107098,C
107099,A
107100,C
107101,A
107102,C
107103,B
107104,A
107105,C
107106,C
107107,C
107108,C
107109,C
107110,C
107111,C
107112,C
107113,B
107114,C
107115,C
107116,C
107117,B
107118,D
107119,D
107120,C
107121,C
107122,A
107123,A
107124,C
107125,B
107126,C
107127,C
107128,C
107129,B
107130,A
107131,C
107132,B
107133,C
107134,D
107135,D
107136,C
107137,C
107138,B
107139,C
107140,A
107141,C
107142,A
107143,B
107144,C
107145,D
107146,C
107147,C
107148,C
107149,C
107150,C
107151,C
107152,B
107153,C
107154,C
107155,C
107156,C
107157,C
107158,D
107159,D
107160,C
107161,C
107162,C
107163,C
107164,B
107165,C
107166,C
107167,C
107168,B
107169,C
107170,D
107171,D
107172,D
107173,C
107174,C
107175,C
107176,C
107177,A
107178,C
107179,C
107180,C
107181,C
107182,D
107183,C
107184,C
107185,A
107186,C
107187,C
107188,C
107189,C
107190,D
107191,C
107192,C
107193,B
107194,C
107195,B
107196,B
107197,D
107198,C
107199,C
107200,C
107201,D
107202,C
107203,C
107204,D
107205,C
107206,A
107207,B
107208,B
107209,B
107210,D
107211,C
107212,B
107213,C
107214,C
107215,C
107216,C
107217,C
107218,C
107219,B
107220,A
107221,C
107222,A
107223,C
107224,C
107225,C
107226,C
107227,C
107228,B
107229,B
107230,C
107231,C
107232,C
107233,B
107234,C
107235,C
107236,A
107237,C
107238,C
107239,C
107240,C
107241,C
107242,B
107243,D
107244,B
107245,C
107246,C
107247,C
107248,C
107249,C
107250,D
107251,C
107252,C
107253,D
107254,C
107255,C
107256,C
107257,C
107258,C
107259,D
107260,C
107261,B
107262,C
107263,C
107264,A
107265,C
107266,D
107267,C
107268,C
107269,C
107270,B
107271,C
107272,B
107273,D
107274,C
107275,A
107276,C
107277,A
107278,D
107279,D
107280,C
107281,C
107282,A
107283,A
107284,D
107285,A
107286,C
107287,C
107288,C
107289,A
107290,C
107291,A
107292,C
107293,B
107294,C
107295,C
107296,A
107297,C
107298,A
107299,C
107300,C
107301,C
107302,B
107303,C
107304,C
107305,D
107306,C
107307,C
107308,C
107309,B
107310,C
107311,A
107312,C
107313,C
107314,A
107315,C
107316,C
107317,C
107318,C
107319,C
107320,C
107321,D
107322,A
107323,B
107324,B
107325,C
107326,C
107327,C
107328,A
107329,C
107330,C
107331,C
107332,C
107333,C
107334,A
107335,C
107336,A
107337,D
107338,D
107339,C
107340,A
107341,C
107342,C
107343,C
107344,C
107345,C
107346,C
107347,D
107348,C
107349,D
107350,C
107351,A
107352,C
107353,C
107354,C
107355,C
107356,D
107357,C
107358,C
107359,C
107360,C
107361,C
107362,C
107363,C
107364,A
107365,D
107366,A
107367,C
107368,C
107369,C
107370,B
107371,B
107372,C
107373,A
107374,C
107375,C
107376,C
107377,B
107378,C
107379,B
107380,C
107381,D
107382,C
107383,B
107384,C
107385,C
107386,C
107387,C
107388,A
107389,C
107390,C
107391,C
107392,B
107393,C
107394,A
107395,C
107396,D
107397,D
107398,C
107399,C
107400,D
107401,B
107402,B
107403,C
107404,C
107405,C
107406,C
107407,C
107408,C
107409,D
107410,C
107411,B
107412,C
107413,C
107414,C
107415,C
107416,D
107417,C
107418,A
107419,B
107420,C
107421,D
107422,D
107423,C
107424,C
107425,C
107426,C
107427,C
107428,C
107429,C
107430,C
107431,C
107432,C
107433,C
107434,C
107435,C
107436,C
107437,B
107438,C
107439,C
107440,C
107441,C
107442,C
107443,D
107444,C
107445,C
107446,C
107447,A
107448,C
107449,C
107450,C
107451,C
107452,C
107453,C
107454,A
107455,A
107456,C
107457,C
107458,B
107459,C
107460,C
107461,C
107462,B
107463,C
107464,D
107465,C
107466,B
107467,D
107468,C
107469,C
107470,A
107471,B
107472,C
107473,B
107474,C
107475,C
107476,C
107477,D
107478,C
107479,A
107480,C
107481,A
107482,B
107483,A
107484,C
107485,C
107486,C
107487,C
107488,A
107489,C
107490,C
107491,C
107492,C
107493,C
107494,C
107495,D
107496,C
107497,D
107498,C
107499,C
107500,D
107501,A
107502,C
107503,C
107504,C
107505,D
107506,C
107507,B
107508,C
107509,C
107510,B
107511,C
107512,C
107513,C
107514,C
107515,C
107516,A
107517,C
107518,C
107519,C
107520,C
107521,C
107522,C
107523,A
107524,B
107525,A
107526,B
107527,C
107528,B
107529,C
107530,C
107531,C
107532,C
107533,C
107534,D
107535,B
107536,A
107537,C
107538,C
107539,C
107540,C
107541,C
107542,C
107543,C
107544,B
107545,C
107546,A
107547,C
107548,B
107549,C
107550,C
107551,C
107552,C
107553,A
107554,C
107555,C
107556,A
107557,A
107558,C
107559,C
107560,C
107561,C
107562,D
107563,A
107564,A
107565,C
107566,C
107567,C
107568,C
107569,C
107570,C
107571,C
107572,B
107573,D
107574,C
107575,C
107576,C
107577,C
107578,C
107579,D
107580,C
107581,C
107582,C
107583,D
107584,B
107585,A
107586,A
107587,B
107588,C
107589,B
107590,C
107591,C
107592,C
107593,D
107594,B
107595,B
107596,B
107597,C
107598,B
107599,C
107600,A
107601,C
107602,C
107603,C
107604,C
107605,C
107606,C
107607,B
107608,C
107609,D
107610,B
107611,D
107612,C
107613,C
107614,D
107615,C
107616,C
107617,A
107618,A
107619,C
107620,C
107621,C
107622,C
107623,C
107624,A
107625,C
107626,C
107627,C
107628,C
107629,C
107630,D
107631,C
107632,C
107633,D
107634,B
107635,C
107636,B
107637,C
107638,B
107639,C
107640,B
107641,C
107642,C
107643,A
107644,C
107645,C
107646,A
107647,C
107648,C
107649,C
107650,C
107651,C
107652,C
107653,C
107654,D
107655,C
107656,D
107657,A
107658,C
107659,C
107660,C
107661,C
107662,C
107663,B
107664,C
107665,A
107666,B
107667,D
107668,A
107669,C
107670,A
107671,C
107672,C
107673,D
107674,C
107675,C
107676,B
107677,C
107678,C
107679,C
107680,C
107681,C
107682,C
107683,C
107684,C
107685,C
107686,C
107687,C
107688,A
107689,C
107690,A
107691,C
107692,C
107693,D
107694,C
107695,B
107696,C
107697,B
107698,C
107699,C
107700,A
107701,A
107702,C
107703,C
107704,A
107705,D
107706,C
107707,C
107708,C
107709,C
107710,B
107711,B
107712,C
107713,D
107714,D
107715,C
107716,C
107717,C
107718,C
107719,C
107720,D
107721,C
107722,A
107723,C
107724,B
107725,C
107726,C
107727,C
107728,C
107729,B
107730,B
107731,B
107732,C
107733,C
107734,C
107735,C
107736,C
107737,C
107738,C
107739,A
107740,C
107741,C
107742,C
107743,A
107744,C
107745,C
107746,B
107747,C
107748,C
107749,D
107750,C
107751,C
107752,C
107753,C
107754,C
107755,A
107756,C
107757,C
107758,C
107759,C
107760,C
107761,C
107762,C
107763,C
107764,C
107765,C
107766,C
107767,C
107768,C
107769,B
107770,C
107771,A
107772,C
107773,C
107774,D
107775,C
107776,C
107777,C
107778,A
107779,C
107780,C
107781,C
107782,D
107783,C
107784,C
107785,C
107786,C
107787,C
107788,C
107789,A
107790,C
107791,D
107792,C
107793,C
107794,C
107795,C
107796,C
107797,C
107798,A
107799,B
107800,A
107801,C
107802,B
107803,C
107804,B
107805,C
107806,C
107807,A
107808,C
107809,C
107810,C
107811,C
107812,C
107813,B
107814,D
107815,C
107816,C
107817,A
107818,C
107819,B
107820,D
107821,D
107822,C
107823,C
107824,B
107825,C
107826,D
107827,B
107828,B
107829,C
107830,C
107831,C
107832,C
107833,C
107834,C
107835,C
107836,C
107837,C
107838,D
107839,B
107840,C
107841,C
107842,A
107843,C
107844,C
107845,C
107846,C
107847,C
107848,C
107849,C
107850,C
107851,D
107852,C
107853,C
107854,B
107855,C
107856,D
107857,B
107858,C
107859,A
107860,C
107861,C
107862,C
107863,C
107864,A
107865,C
107866,C
107867,C
107868,C
107869,C
107870,B
107871,A
107872,C
107873,D
107874,B
107875,A
107876,D
107877,C
107878,C
107879,C
107880,C
107881,C
107882,C
107883,D
107884,C
107885,B
107886,C
107887,C
107888,C
107889,C
107890,C
107891,C
107892,C
107893,A
107894,C
107895,C
107896,C
107897,C
107898,C
107899,D
107900,C
107901,C
107902,C
107903,C
107904,B
107905,D
107906,B
107907,B
107908,C
107909,C
107910,C
107911,A
107912,C
107913,C
107914,C
107915,C
107916,B
107917,B
107918,A
107919,C
107920,C
107921,C
107922,B
107923,C
107924,C
107925,C
107926,C
107927,D
107928,C
107929,C
107930,C
107931,B
107932,C
107933,D
107934,D
107935,D
107936,C
107937,C
107938,C
107939,B
107940,D
107941,C
107942,B
107943,C
107944,C
107945,C
107946,D
107947,C
107948,D
107949,D
107950,C
107951,B
107952,C
107953,C
107954,C
107955,C
107956,C
107957,D
107958,C
107959,C
107960,C
107961,C
107962,C
107963,C
107964,A
107965,C
107966,B
107967,A
107968,C
107969,C
107970,C
107971,C
107972,C
107973,D
107974,D
107975,C
107976,D
107977,C
107978,B
107979,C
107980,C
107981,C
107982,C
107983,D
107984,D
107985,D
107986,C
107987,B
107988,C
107989,C
107990,C
107991,C
107992,B
107993,C
107994,C
107995,C
107996,C
107997,C
107998,C
107999,C
108000,C
108001,C
108002,D
108003,A
108004,C
108005,A
108006,C
108007,C
108008,C
108009,C
108010,D
108011,C
108012,B
108013,C
108014,C
108015,C
108016,B
108017,C
108018,C
108019,C
108020,A
108021,C
108022,C
108023,D
108024,A
108025,C
108026,C
108027,C
108028,C
108029,D
108030,C
108031,C
108032,C
108033,A
108034,B
108035,C
108036,C
108037,C
108038,D
108039,D
108040,C
108041,C
108042,A
108043,C
108044,D
108045,C
108046,D
108047,C
108048,C
108049,D
108050,C
108051,C
108052,C
108053,B
108054,B
108055,C
108056,D
108057,C
108058,B
108059,D
108060,C
108061,D
108062,C
108063,D
108064,C
108065,A
108066,C
108067,B
108068,C
108069,C
108070,D
108071,C
108072,C
108073,C
108074,C
108075,C
108076,C
108077,C
108078,B
108079,D
108080,C
108081,C
108082,C
108083,B
108084,A
108085,C
108086,C
108087,C
108088,C
108089,C
108090,C
108091,C
108092,C
108093,C
108094,C
108095,C
108096,B
108097,C
108098,C
108099,C
108100,B
108101,C
108102,C
108103,C
108104,B
108105,C
108106,D
108107,C
108108,C
108109,C
108110,C
108111,C
108112,C
108113,D
108114,C
108115,C
108116,C
108117,C
108118,B
108119,C
108120,A
108121,C
108122,B
108123,D
108124,C
108125,C
108126,C
108127,C
108128,C
108129,A
108130,C
108131,B
108132,C
108133,C
108134,B
108135,D
108136,D
108137,C
108138,C
108139,C
108140,B
108141,D
108142,A
108143,A
108144,C
108145,C
108146,C
108147,C
108148,C
108149,C
108150,C
108151,D
108152,D
108153,A
108154,C
108155,C
108156,C
108157,C
108158,A
108159,B
108160,D
108161,C
108162,C
108163,C
108164,C
108165,B
108166,C
108167,C
108168,C
108169,C
108170,C
108171,C
108172,C
108173,C
108174,C
108175,C
108176,C
108177,A
108178,C
108179,C
108180,C
108181,C
108182,C
108183,C
108184,C
108185,D
108186,C
108187,C
108188,D
108189,C
108190,C
108191,C
108192,C
108193,C
108194,C
108195,C
108196,D
108197,C
108198,C
108199,C
108200,C
108201,C
108202,A
108203,C
108204,C
108205,C
108206,C
108207,C
108208,C
108209,C
108210,C
108211,D
108212,C
108213,B
108214,D
108215,C
108216,C
108217,C
108218,C
108219,C
108220,D
108221,B
108222,C
108223,D
108224,B
108225,C
108226,A
108227,C
108228,C
108229,C
108230,C
108231,C
108232,D
108233,C
108234,A
108235,C
108236,C
108237,C
108238,C
108239,C
108240,C
108241,C
108242,B
108243,C
108244,C
108245,C
108246,C
108247,A
108248,C
108249,D
108250,C
108251,B
108252,B
108253,A
108254,C
108255,A
108256,D
108257,B
108258,C
108259,B
108260,B
108261,C
108262,C
108263,D
108264,C
108265,C
108266,C
108267,C
108268,A
108269,C
108270,C
108271,C
108272,A
108273,A
108274,C
108275,D
108276,B
108277,C
108278,B
108279,C
108280,C
108281,C
108282,C
108283,C
108284,C
108285,C
108286,B
108287,C
108288,C
108289,C
108290,A
108291,D
108292,C
108293,C
108294,C
108295,C
108296,C
108297,D
108298,C
108299,C
108300,C
108301,A
108302,C
108303,A
108304,B
108305,D
108306,A
108307,C
108308,C
108309,C
108310,C
108311,C
108312,C
108313,A
108314,C
108315,C
108316,C
108317,A
108318,C
108319,A
108320,C
108321,C
108322,C
108323,C
108324,D
108325,B
108326,C
108327,C
108328,C
108329,C
108330,C
108331,C
108332,C
108333,C
108334,C
108335,C
108336,C
108337,C
108338,D
108339,C
108340,B
108341,C
108342,C
108343,A
108344,C
108345,A
108346,C
108347,C
108348,B
108349,C
108350,C
108351,C
108352,C
108353,C
108354,D
108355,C
108356,C
108357,C
108358,C
108359,C
108360,C
108361,A
108362,C
108363,C
108364,D
108365,C
108366,C
108367,C
108368,C
108369,C
108370,C
108371,B
108372,C
108373,D
108374,C
108375,D
108376,C
108377,C
108378,C
108379,C
108380,B
108381,C
108382,C
108383,C
108384,B
108385,C
108386,C
108387,B
108388,D
108389,C
108390,B
108391,C
108392,D
108393,B
108394,C
108395,A
108396,C
108397,C
108398,A
108399,A
108400,C
108401,C
108402,C
108403,B
108404,D
108405,C
108406,A
108407,C
108408,C
108409,A
108410,C
108411,C
108412,C
108413,C
108414,D
108415,C
108416,C
108417,D
108418,C
108419,C
108420,C
108421,C
108422,C
108423,C
108424,C
108425,A
108426,C
108427,C
108428,C
108429,C
108430,A
108431,B
108432,C
108433,C
108434,B
108435,C
108436,B
108437,C
108438,C
108439,B
108440,C
108441,A
108442,C
108443,C
108444,B
108445,C
108446,D
108447,C
108448,C
108449,C
108450,C
108451,B
108452,C
108453,C
108454,A
108455,D
108456,B
108457,B
108458,C
108459,D
108460,D
108461,C
108462,C
108463,C
108464,C
108465,A
108466,B
108467,A
108468,A
108469,D
108470,C
108471,A
108472,B
108473,C
108474,C
108475,C
108476,C
108477,C
108478,C
108479,C
108480,A
108481,C
108482,C
108483,C
108484,C
108485,A
108486,B
108487,D
108488,B
108489,C
108490,C
108491,C
108492,C
108493,D
108494,B
108495,C
108496,C
108497,C
108498,A
108499,D
108500,C
108501,D
108502,C
108503,C
108504,C
108505,B
108506,B
108507,C
108508,C
108509,C
108510,C
108511,C
108512,C
108513,C
108514,D
108515,C
108516,C
108517,C
108518,C
108519,C
108520,C
108521,C
108522,A
108523,C
108524,A
108525,C
108526,C
108527,A
108528,A
108529,A
108530,C
108531,C
108532,C
108533,C
108534,C
108535,B
108536,D
108537,D
108538,C
108539,C
108540,D
108541,D
108542,C
108543,C
108544,C
108545,C
108546,C
108547,C
108548,C
108549,C
108550,A
108551,C
108552,C
108553,C
108554,D
108555,C
108556,C
108557,A
108558,A
108559,B
108560,C
108561,C
108562,D
108563,C
108564,A
108565,C
108566,C
108567,A
108568,C
108569,C
108570,C
108571,C
108572,B
108573,C
108574,C
108575,D
108576,C
108577,C
108578,C
108579,C
108580,D
108581,C
108582,C
108583,A
108584,B
108585,C
108586,A
108587,C
108588,C
108589,C
108590,C
108591,D
108592,D
108593,C
108594,C
108595,C
108596,C
108597,C
108598,C
108599,C
108600,C
108601,C
108602,C
108603,C
108604,C
108605,C
108606,B
108607,C
108608,C
108609,C
108610,C
108611,D
108612,B
108613,B
108614,C
108615,C
108616,C
108617,C
108618,C
108619,C
108620,C
108621,C
108622,B
108623,C
108624,C
108625,C
108626,D
108627,D
108628,B
108629,A
108630,D
108631,C
108632,C
108633,B
108634,C
108635,A
108636,C
108637,C
108638,D
108639,C
108640,C
108641,C
108642,C
108643,C
108644,C
108645,C
108646,C
108647,C
108648,C
108649,C
108650,D
108651,C
108652,C
108653,D
108654,B
108655,C
108656,A
108657,D
108658,C
108659,C
108660,B
108661,C
108662,D
108663,C
108664,C
108665,A
108666,C
108667,A
108668,C
108669,D
108670,D
108671,B
108672,B
108673,B
108674,C
108675,C
108676,C
108677,C
108678,C
108679,C
108680,C
108681,C
108682,C
108683,C
108684,C
108685,B
108686,C
108687,D
108688,C
108689,B
108690,B
108691,C
108692,C
108693,D
108694,C
108695,D
108696,A
108697,B
108698,B
108699,A
108700,D
108701,C
108702,C
108703,C
108704,C
108705,C
108706,C
108707,B
108708,C
108709,C
108710,C
108711,C
108712,C
108713,D
108714,D
108715,D
108716,C
108717,D
108718,C
108719,B
108720,A
108721,B
108722,C
108723,C
108724,C
108725,C
108726,C
108727,A
108728,A
108729,C
108730,C
108731,B
108732,D
108733,C
108734,C
108735,D
108736,D
108737,C
108738,C
108739,C
108740,C
108741,C
108742,C
108743,C
108744,A
108745,B
108746,D
108747,C
108748,D
108749,C
108750,B
108751,B
108752,C
108753,C
108754,C
108755,C
108756,C
108757,C
108758,C
108759,A
108760,B
108761,C
108762,C
108763,C
108764,C
108765,A
108766,C
108767,A
108768,C
108769,C
108770,D
108771,D
108772,C
108773,C
108774,B
108775,C
108776,C
108777,C
108778,C
108779,C
108780,C
108781,C
108782,C
108783,A
108784,D
108785,C
108786,C
108787,D
108788,B
108789,C
108790,C
108791,C
108792,B
108793,C
108794,B
108795,C
108796,C
108797,D
108798,C
108799,B
108800,C
108801,C
108802,C
108803,C
108804,C
108805,D
108806,C
108807,C
108808,D
108809,D
108810,C
108811,C
108812,C
108813,C
108814,C
108815,C
108816,C
108817,D
108818,C
108819,B
108820,A
108821,C
108822,B
108823,C
108824,A
108825,D
108826,A
108827,D
108828,C
108829,C
108830,C
108831,C
108832,C
108833,C
108834,C
108835,C
108836,A
108837,A
108838,C
108839,C
108840,C
108841,D
108842,C
108843,C
108844,C
108845,B
108846,C
108847,C
108848,C
108849,C
108850,B
108851,C
108852,D
108853,C
108854,C
108855,D
108856,C
108857,C
108858,A
108859,C
108860,C
108861,C
108862,C
108863,C
108864,B
108865,D
108866,B
108867,B
108868,C
108869,C
108870,C
108871,C
108872,C
108873,C
108874,C
108875,D
108876,D
108877,A
108878,C
108879,D
108880,C
108881,C
108882,C
108883,C
108884,C
108885,C
108886,B
108887,D
108888,C
108889,C
108890,C
108891,A
108892,B
108893,C
108894,B
108895,C
108896,C
108897,C
108898,C
108899,A
108900,C
108901,C
108902,D
108903,B
108904,C
108905,C
108906,B
108907,C
108908,C
108909,C
108910,C
108911,C
108912,C
108913,C
108914,C
108915,C
108916,C
108917,C
108918,A
108919,D
108920,C
108921,D
108922,B
108923,C
108924,C
108925,C
108926,C
108927,D
108928,B
108929,D
108930,C
108931,C
108932,D
108933,B
108934,C
108935,C
108936,C
108937,C
108938,C
108939,A
108940,D
108941,C
108942,C
108943,C
108944,C
108945,C
108946,A
108947,B
108948,C
108949,D
108950,C
108951,C
108952,C
108953,B
108954,C
108955,A
108956,A
108957,C
108958,C
108959,C
108960,C
108961,C
108962,C
108963,C
108964,C
108965,C
108966,A
108967,C
108968,C
108969,B
108970,C
108971,C
108972,C
108973,C
108974,C
108975,C
108976,C
108977,D
108978,C
108979,B
108980,B
108981,C
108982,C
108983,C
108984,C
108985,C
108986,C
108987,C
108988,C
108989,A
108990,C
108991,B
108992,C
108993,C
108994,C
108995,C
108996,C
108997,D
108998,C
108999,B
109000,C
109001,C
109002,B
109003,C
109004,D
109005,C
109006,C
109007,C
109008,C
109009,C
109010,B
109011,C
109012,C
109013,C
109014,A
109015,C
109016,C
109017,A
109018,C
109019,C
109020,D
109021,D
109022,D
109023,A
109024,C
109025,C
109026,C
109027,C
109028,C
109029,C
109030,B
109031,D
109032,B
109033,A
109034,C
109035,C
109036,C
109037,D
109038,B
109039,B
109040,B
109041,D
109042,C
109043,C
109044,C
109045,D
109046,C
109047,C
109048,D
109049,C
109050,D
109051,B
109052,C
109053,D
109054,C
109055,D
109056,B
109057,A
109058,C
109059,C
109060,C
109061,B
109062,C
109063,B
109064,C
109065,C
109066,C
109067,C
109068,C
109069,C
109070,C
109071,C
109072,B
109073,C
109074,C
109075,C
109076,C
109077,C
109078,D
109079,C
109080,C
109081,A
109082,C
109083,D
109084,C
109085,C
109086,C
109087,C
109088,C
109089,C
109090,A
109091,B
109092,C
109093,D
109094,C
109095,C
109096,C
109097,C
109098,C
109099,D
109100,B
109101,C
109102,C
109103,D
109104,C
109105,C
109106,C
109107,D
109108,C
109109,B
109110,C
109111,C
109112,C
109113,C
109114,C
109115,A
109116,A
109117,C
109118,C
109119,C
109120,B
109121,C
109122,C
109123,A
109124,C
109125,C
109126,C
109127,D
109128,A
109129,C
109130,C
109131,C
109132,A
109133,B
109134,C
109135,A
109136,C
109137,C
109138,C
109139,C
109140,B
109141,C
109142,D
109143,C
109144,C
109145,C
109146,D
109147,C
109148,C
109149,C
109150,C
109151,A
109152,C
109153,C
109154,C
109155,A
109156,C
109157,D
109158,C
109159,C
109160,C
109161,C
109162,B
109163,C
109164,C
109165,A
109166,C
109167,C
109168,D
109169,B
109170,D
109171,C
109172,C
109173,C
109174,D
109175,C
109176,C
109177,B
109178,D
109179,C
109180,A
109181,C
109182,B
109183,C
109184,A
109185,C
109186,C
109187,B
109188,C
109189,C
109190,D
109191,C
109192,A
109193,C
109194,C
109195,C
109196,C
109197,C
109198,C
109199,C
109200,C
109201,A
109202,C
109203,B
109204,C
109205,C
109206,C
109207,D
109208,C
109209,D
109210,D
109211,C
109212,C
109213,C
109214,B
109215,C
109216,C
109217,C
109218,C
109219,D
109220,C
109221,B
109222,C
109223,C
109224,B
109225,C
109226,B
109227,C
109228,B
109229,C
109230,C
109231,C
109232,B
109233,C
109234,B
109235,C
109236,C
109237,C
109238,C
109239,A
109240,A
109241,D
109242,A
109243,A
109244,C
109245,C
109246,C
109247,D
109248,B
109249,B
109250,A
109251,C
109252,C
109253,C
109254,B
109255,C
109256,A
109257,C
109258,C
109259,C
109260,D
109261,A
109262,C
109263,C
109264,C
109265,C
109266,A
109267,C
109268,C
109269,C
109270,C
109271,C
109272,C
109273,D
109274,C
109275,C
109276,C
109277,C
109278,C
109279,A
109280,C
109281,C
109282,C
109283,C
109284,D
109285,A
109286,C
109287,C
109288,C
109289,D
109290,C
109291,C
109292,C
109293,C
109294,C
109295,C
109296,C
109297,C
109298,C
109299,B
109300,A
109301,C
109302,C
109303,D
109304,B
109305,A
109306,B
109307,B
109308,B
109309,C
109310,C
109311,C
109312,C
109313,B
109314,C
109315,A
109316,C
109317,B
109318,C
109319,C
109320,C
109321,C
109322,C
109323,C
109324,C
109325,C
109326,C
109327,A
109328,C
109329,C
109330,C
109331,C
109332,C
109333,C
109334,C
109335,C
109336,C
109337,C
109338,D
109339,B
109340,C
109341,D
109342,C
109343,C
109344,A
109345,C
109346,C
109347,C
109348,C
109349,C
109350,A
109351,C
109352,B
109353,A
109354,C
109355,C
109356,C
109357,C
109358,C
109359,C
109360,C
109361,C
109362,B
109363,C
109364,C
109365,C
109366,C
109367,B
109368,D
109369,C
109370,C
109371,D
109372,A
109373,C
109374,C
109375,C
109376,A
109377,C
109378,C
109379,C
109380,C
109381,C
109382,B
109383,B
109384,D
109385,C
109386,C
109387,C
109388,C
109389,C
109390,C
109391,C
109392,C
109393,A
109394,C
109395,D
109396,C
109397,C
109398,C
109399,C
109400,B
109401,C
109402,C
109403,D
109404,D
109405,C
109406,C
109407,C
109408,C
109409,B
109410,C
109411,D
109412,C
109413,B
109414,A
109415,D
109416,C
109417,C
109418,C
109419,C
109420,D
109421,C
109422,B
109423,C
109424,A
109425,A
109426,B
109427,C
109428,C
109429,D
109430,C
109431,C
109432,C
109433,C
109434,C
109435,C
109436,A
109437,B
109438,C
109439,C
109440,D
109441,C
109442,C
109443,C
109444,C
109445,A
109446,A
109447,C
109448,C
109449,C
109450,B
109451,C
109452,C
109453,C
109454,C
109455,C
109456,C
109457,C
109458,C
109459,C
109460,C
109461,C
109462,C
109463,C
109464,C
109465,C
109466,A
109467,C
109468,C
109469,C
109470,B
109471,B
109472,C
109473,C
109474,A
109475,C
109476,C
109477,C
109478,B
109479,C
109480,C
109481,C
109482,D
109483,C
109484,C
109485,C
109486,C
109487,D
109488,B
109489,D
109490,D
109491,B
109492,B
109493,C
109494,C
109495,C
109496,C
109497,C
109498,B
109499,D
109500,B
109501,D
109502,C
109503,A
109504,C
109505,D
109506,C
109507,A
109508,C
109509,C
109510,C
109511,C
109512,D
109513,C
109514,C
109515,C
109516,C
109517,C
109518,C
109519,C
109520,C
109521,D
109522,C
109523,C
109524,C
109525,C
109526,C
109527,B
109528,A
109529,B
109530,C
109531,C
109532,B
109533,C
109534,C
109535,A
109536,C
109537,C
109538,B
109539,C
109540,C
109541,A
109542,D
109543,C
109544,C
109545,C
109546,C
109547,D
109548,D
109549,A
109550,C
109551,C
109552,C
109553,C
109554,C
109555,C
109556,C
109557,A
109558,C
109559,C
109560,C
109561,C
109562,D
109563,D
109564,C
109565,C
109566,D
109567,C
109568,D
109569,C
109570,A
109571,C
109572,C
109573,C
109574,D
109575,D
109576,C
109577,C
109578,C
109579,A
109580,B
109581,C
109582,C
109583,C
109584,B
109585,C
109586,C
109587,C
109588,B
109589,C
109590,C
109591,A
109592,C
109593,C
109594,C
109595,D
109596,C
109597,C
109598,C
109599,C
109600,C
109601,C
109602,C
109603,C
109604,A
109605,D
109606,A
109607,C
109608,C
109609,A
109610,B
109611,D
109612,A
109613,C
109614,C
109615,A
109616,C
109617,A
109618,C
109619,C
109620,C
109621,C
109622,B
109623,A
109624,C
109625,D
109626,C
109627,C
109628,C
109629,D
109630,A
109631,C
109632,C
109633,D
109634,A
109635,C
109636,C
109637,D
109638,D
109639,C
109640,C
109641,C
109642,C
109643,C
109644,C
109645,C
109646,C
109647,C
109648,C
109649,B
109650,C
109651,C
109652,A
109653,C
109654,A
109655,C
109656,C
109657,C
109658,C
109659,C
109660,C
109661,A
109662,C
109663,C
109664,C
109665,C
109666,A
109667,A
109668,C
109669,C
109670,A
109671,C
109672,C
109673,C
109674,C
109675,B
109676,C
109677,A
109678,D
109679,C
109680,C
109681,C
109682,C
109683,A
109684,C
109685,C
109686,C
109687,C
109688,A
109689,C
109690,C
109691,C
109692,A
109693,B
109694,D
109695,C
109696,C
109697,C
109698,C
109699,C
109700,C
109701,C
109702,B
109703,C
109704,C
109705,A
109706,C
109707,C
109708,C
109709,C
109710,C
109711,C
109712,C
109713,C
109714,C
109715,A
109716,C
109717,C
109718,D
109719,C
109720,C
109721,B
109722,B
109723,D
109724,D
109725,B
109726,C
109727,C
109728,C
109729,C
109730,A
109731,C
109732,D
109733,C
109734,D
109735,C
109736,C
109737,C
109738,C
109739,C
109740,C
109741,C
109742,C
109743,D
109744,B
109745,B
109746,C
109747,A
109748,C
109749,B
109750,C
109751,C
109752,C
109753,C
109754,C
109755,B
109756,C
109757,C
109758,C
109759,C
109760,C
109761,A
109762,C
109763,C
109764,C
109765,B
109766,B
109767,B
109768,C
109769,B
109770,C
109771,A
109772,A
109773,C
109774,C
109775,C
109776,C
109777,C
109778,C
109779,C
109780,C
109781,C
109782,C
109783,D
109784,C
109785,A
109786,B
109787,C
109788,C
109789,C
109790,D
109791,C
109792,C
109793,C
109794,D
109795,C
109796,C
109797,A
109798,D
109799,C
109800,C
109801,C
109802,C
109803,D
109804,C
109805,C
109806,B
109807,C
109808,C
109809,C
109810,C
109811,C
109812,A
109813,C
109814,C
109815,C
109816,B
109817,C
109818,B
109819,C
109820,C
109821,B
109822,B
109823,C
109824,C
109825,C
109826,C
109827,C
109828,C
109829,A
109830,C
109831,B
109832,D
109833,C
109834,B
109835,C
109836,D
109837,C
109838,C
109839,D
109840,B
109841,C
109842,C
109843,D
109844,C
109845,C
109846,C
109847,C
109848,A
109849,D
109850,A
109851,C
109852,C
109853,D
109854,C
109855,C
109856,B
109857,C
109858,C
109859,B
109860,C
109861,B
109862,C
109863,C
109864,C
109865,C
109866,C
109867,D
109868,C
109869,C
109870,B
109871,D
109872,A
109873,C
109874,C
109875,C
109876,D
109877,A
109878,C
109879,B
109880,D
109881,C
109882,C
109883,A
109884,C
109885,D
109886,C
109887,C
109888,A
109889,A
109890,C
109891,A
109892,C
109893,A
109894,A
109895,D
109896,C
109897,C
109898,C
109899,C
109900,C
109901,C
109902,C
109903,A
109904,C
109905,D
109906,C
109907,C
109908,C
109909,C
109910,C
109911,C
109912,C
109913,A
109914,B
109915,C
109916,C
109917,B
109918,C
109919,C
109920,A
109921,A
109922,C
109923,D
109924,D
109925,C
109926,B
109927,C
109928,A
109929,C
109930,C
109931,D
109932,B
109933,C
109934,C
109935,B
109936,D
109937,C
109938,C
109939,C
109940,C
109941,C
109942,C
109943,C
109944,C
109945,C
109946,B
109947,A
109948,C
109949,C
109950,B
109951,A
109952,C
109953,B
109954,B
109955,A
109956,C
109957,C
109958,B
109959,D
109960,B
109961,B
109962,C
109963,C
109964,C
109965,C
109966,B
109967,B
109968,A
109969,C
109970,C
109971,C
109972,A
109973,B
109974,C
109975,C
109976,C
109977,C
109978,B
109979,C
109980,C
109981,C
109982,B
109983,D
109984,C
109985,C
109986,A
109987,C
109988,C
109989,C
109990,C
109991,C
109992,D
109993,B
109994,C
109995,D
109996,C
109997,A
109998,A
109999,D
110000,B
110001,C
110002,B
110003,C
110004,C
110005,C
110006,D
110007,B
110008,C
110009,C
110010,C
110011,A
110012,C
110013,A
110014,C
110015,C
110016,C
110017,C
110018,C
110019,C
110020,A
110021,C
110022,B
110023,C
110024,A
110025,C
110026,C
110027,C
110028,C
110029,B
110030,C
110031,D
110032,C
110033,D
110034,C
110035,C
110036,D
110037,C
110038,C
110039,C
110040,B
110041,C
110042,B
110043,C
110044,D
110045,B
110046,C
110047,C
110048,D
110049,B
110050,C
110051,C
110052,C
110053,C
110054,C
110055,C
110056,C
110057,C
110058,C
110059,C
110060,C
110061,B
110062,C
110063,C
110064,C
110065,C
110066,B
110067,C
110068,D
110069,D
110070,C
110071,C
110072,A
110073,D
110074,C
110075,C
110076,D
110077,C
110078,C
110079,A
110080,A
110081,C
110082,C
110083,B
110084,C
110085,D
110086,C
110087,C
110088,D
110089,C
110090,C
110091,C
110092,A
110093,C
110094,C
110095,B
110096,B
110097,B
110098,C
110099,B
110100,C
110101,D
110102,B
110103,C
110104,C
110105,D
110106,C
110107,C
110108,C
110109,B
110110,D
110111,C
110112,C
110113,A
110114,C
110115,A
110116,D
110117,C
110118,D
110119,A
110120,C
110121,C
110122,B
110123,C
110124,D
110125,C
110126,B
110127,C
110128,D
110129,C
110130,B
110131,C
110132,C
110133,C
110134,C
110135,C
110136,D
110137,A
110138,B
110139,C
110140,C
110141,C
110142,C
110143,C
110144,B
110145,C
110146,A
110147,C
110148,C
110149,C
110150,D
110151,C
110152,A
110153,D
110154,C
110155,C
110156,C
110157,B
110158,A
110159,A
110160,C
110161,C
110162,C
110163,C
110164,B
110165,C
110166,D
110167,C
110168,C
110169,D
110170,C
110171,C
110172,C
110173,D
110174,C
110175,C
110176,C
110177,C
110178,C
110179,D
110180,C
110181,D
110182,C
110183,C
110184,B
110185,C
110186,C
110187,C
110188,C
110189,C
110190,B
110191,D
110192,D
110193,C
110194,B
110195,C
110196,C
110197,D
110198,C
110199,D
110200,C
110201,C
110202,C
110203,C
110204,C
110205,A
110206,C
110207,C
110208,C
110209,D
110210,C
110211,A
110212,C
110213,B
110214,B
110215,C
110216,C
110217,C
110218,C
110219,B
110220,A
110221,C
110222,C
110223,C
110224,A
110225,C
110226,C
110227,C
110228,D
110229,C
110230,B
110231,D
110232,C
110233,C
110234,A
110235,C
110236,C
110237,C
110238,C
110239,C
110240,C
110241,C
110242,C
110243,C
110244,C
110245,C
110246,D
110247,C
110248,B
110249,C
110250,C
110251,C
110252,C
110253,B
110254,A
110255,D
110256,C
110257,A
110258,C
110259,C
110260,C
110261,C
110262,C
110263,A
110264,C
110265,C
110266,C
110267,C
110268,B
110269,C
110270,C
110271,D
110272,C
110273,C
110274,C
110275,C
110276,D
110277,C
110278,D
110279,C
110280,C
110281,C
110282,B
110283,C
110284,D
110285,D
110286,B
110287,A
110288,B
110289,C
110290,D
110291,B
110292,C
110293,C
110294,C
110295,C
110296,D
110297,C
110298,A
110299,C
110300,C
110301,B
110302,B
110303,C
110304,C
110305,D
110306,D
110307,D
110308,D
110309,C
110310,A
110311,C
110312,C
110313,C
110314,C
110315,C
110316,C
110317,C
110318,C
110319,B
110320,A
110321,C
110322,C
110323,C
110324,C
110325,C
110326,D
110327,C
110328,C
110329,C
110330,C
110331,C
110332,C
110333,C
110334,C
110335,D
110336,C
110337,C
110338,C
110339,B
110340,C
110341,C
110342,C
110343,C
110344,A
110345,C
110346,C
110347,C
110348,B
110349,C
110350,C
110351,C
110352,C
110353,C
110354,C
110355,B
110356,C
110357,A
110358,D
110359,C
110360,C
110361,A
110362,C
110363,D
110364,C
110365,C
110366,C
110367,C
110368,C
110369,C
110370,C
110371,C
110372,C
110373,B
110374,C
110375,C
110376,C
110377,A
110378,C
110379,C
110380,C
110381,C
110382,A
110383,C
110384,C
110385,A
110386,C
110387,C
110388,D
110389,D
110390,C
110391,C
110392,C
110393,C
110394,C
110395,C
110396,C
110397,D
110398,C
110399,C
110400,C
110401,D
110402,C
110403,C
110404,B
110405,C
110406,C
110407,C
110408,C
110409,C
110410,D
110411,C
110412,C
110413,A
110414,B
110415,C
110416,B
110417,C
110418,A
110419,C
110420,A
110421,C
110422,C
110423,B
110424,C
110425,C
110426,B
110427,C
110428,C
110429,D
110430,C
110431,B
110432,C
110433,C
110434,B
110435,A
110436,C
110437,C
110438,C
110439,C
110440,A
110441,C
110442,C
110443,C
110444,C
110445,C
110446,C
110447,C
110448,C
110449,C
110450,C
110451,B
110452,C
110453,B
110454,C
110455,C
110456,C
110457,C
110458,C
110459,C
110460,C
110461,C
110462,D
110463,C
110464,C
110465,C
110466,C
110467,C
110468,C
110469,A
110470,C
110471,A
110472,C
110473,B
110474,C
110475,C
110476,C
110477,D
110478,A
110479,C
110480,B
110481,C
110482,C
110483,C
110484,C
110485,C
110486,D
110487,C
110488,C
110489,B
110490,D
110491,D
110492,C
110493,C
110494,C
110495,C
110496,C
110497,D
110498,C
110499,D
110500,C
110501,B
110502,C
110503,C
110504,D
110505,A
110506,C
110507,D
110508,C
110509,C
110510,C
110511,C
110512,C
110513,C
110514,C
110515,B
110516,C
110517,C
110518,D
110519,C
110520,C
110521,D
110522,A
110523,C
110524,C
110525,C
110526,C
110527,C
110528,B
110529,B
110530,C
110531,A
110532,C
110533,C
110534,C
110535,A
110536,C
110537,C
110538,C
110539,C
110540,C
110541,C
110542,C
110543,C
110544,D
110545,C
110546,C
110547,D
110548,C
110549,A
110550,D
110551,C
110552,C
110553,C
110554,C
110555,C
110556,C
110557,C
110558,D
110559,A
110560,C
110561,D
110562,C
110563,B
110564,C
110565,B
110566,D
110567,B
110568,C
110569,C
110570,C
110571,C
110572,C
110573,A
110574,C
110575,D
110576,A
110577,C
110578,C
110579,D
110580,C
110581,C
110582,B
110583,C
110584,A
110585,A
110586,A
110587,C
110588,C
110589,C
110590,C
110591,C
110592,C
110593,C
110594,C
110595,C
110596,C
110597,C
110598,A
110599,D
110600,C
110601,C
110602,C
110603,C
110604,C
110605,C
110606,D
110607,C
110608,D
110609,C
110610,C
110611,C
110612,C
110613,C
110614,C
110615,B
110616,C
110617,C
110618,A
110619,C
110620,C
110621,C
110622,C
110623,C
110624,C
110625,C
110626,D
110627,C
110628,A
110629,C
110630,B
110631,B
110632,B
